<?xml version="1.0" encoding="UTF-8"?>
<beans xmlns="http://www.springframework.org/schema/beans"
	xmlns:xsi="http://www.w3.org/2001/XMLSchema-instance"
	xmlns:mvc="http://www.springframework.org/schema/mvc"
	xmlns:context="http://www.springframework.org/schema/context"
	xsi:schemaLocation="http://www.springframework.org/schema/mvc http://www.springframework.org/schema/mvc/spring-mvc-3.1.xsd
		http://www.springframework.org/schema/beans http://www.springframework.org/schema/beans/spring-beans.xsd
		http://www.springframework.org/schema/context http://www.springframework.org/schema/context/spring-context-3.1.xsd">

	<mvc:annotation-driven />

	<bean
		class="org.springframework.web.servlet.view.InternalResourceViewResolver">
		<property name="prefix" value="/WEB-INF/users/" />
		<property name="suffix" value=".jsp" />
	</bean>

	<context:component-scan base-package="users" />
	<!-- woo 추가 -->
	<context:component-scan base-package="bookmark" />
    <context:component-scan base-package="favorite" />
    <context:component-scan base-package="qna" />
    <context:component-scan base-package="board" />
    <context:component-scan base-package="comments" />
    <context:component-scan base-package="alarm" />

	<!-- 파일 업로드 할때 필요한 코드 -->
	<bean id="multipartResolver"
		class="org.springframework.web.multipart.commons.CommonsMultipartResolver">
		<property name="maxUploadSize" value="10485760" />
		<property name="maxInMemorySize" value="10240" />
		<property name="defaultEncoding" value="UTF-8" />
	</bean>
</beans>
