<?xml version="1.0" encoding="UTF-8"?>
<!DOCTYPE mapper
	PUBLIC "-//mybatis.org//DTD Mapper 3.0//EN"
  "https://mybatis.org/dtd/mybatis-3-mapper.dtd">
<mapper namespace="board">
	<select id="getTotalCount" resultType="int">
		select count(*) from board
		<if test="whatColumn == 'all'">
			where content like #{keyword} or subject like #{keyword}
		</if>
		<if test="whatColumn == 'content'">
			where content like #{keyword}
		</if>
		<if test="whatColumn == 'subject'">
			where subject like #{keyword}
		</if>
	</select>
	<select id="getBoardList" resultType="board.model.BoardBean">
		select * from board 
		<if test="whatColumn == 'all'">
			where content like #{keyword} or subject like #{keyword}
		</if>
		<if test="whatColumn == 'content'">
			where content like #{keyword}
		</if>
		<if test="whatColumn == 'subject'">
			where subject like #{keyword}
		</if>
		order by board_no desc
	</select>
	<insert id="insertBoard">
		insert into board(board_no,user_no,user_id,subject,content) 
		values(brd_seq.nextval, #{user_no}, #{user_id}, #{subject}, #{content})
	</insert>
	<select id="getBoardByNo" resultType="board.model.BoardBean">
		select * from board where board_no = #{board_no}
	</select>
	<update id="updateReadcount">
		update board set readcount = readcount+1 where board_no = #{ board_no }
	</update>
	
	<delete id="deleteBoard">
		delete board where board_no = #{ board_no }	
	</delete>
	<update id="updateBoard">
		update board set subject = #{ subject }, content = #{ content } where board_no = #{ board_no }
	</update>
	
	<!-- woo 추가 : user_no에 따른 게시판 list -->
	<select id="getBoardByUser_no" resultType="board.model.BoardBean">
		select * from board where user_no = #{user_no} order by board_no desc
	</select>
	
</mapper>