<?xml version="1.0" encoding="UTF-8"?>
<!DOCTYPE mapper
	PUBLIC "-//mybatis.org//DTD Mapper 3.0//EN"
  "https://mybatis.org/dtd/mybatis-3-mapper.dtd">
<mapper namespace="comment">

	<insert id="writeComment">
	 insert into comments(comment_no, board_no, user_no, user_id, content, regdate)
	 values(cmt_seq.nextval, #{board_no}, #{user_no}, #{user_id}, #{content}, sysdate)
	</insert>
	
	<select id="getAllComment" resultType="comments.model.CommentBean">
		select * from comments where board_no = #{board_no} order by regdate asc
	</select>
	
	<delete id="deleteComment">
		delete from comments where comment_no = #{ comment_no }
	</delete>
	
	<!-- woo 추가 : user_no에 따른 댓글 list -->
	<select id="getCommentsByUser_no" resultType="comments.model.CommentBean">
		select c.comment_no, c.board_no, c.user_no, c.user_id, c.content, c.regdate,
               b.subject as board_subject
        from comments c 
        join board b on c.board_no = b.board_no
        where c.user_no = #{user_no}
        order by c.regdate asc
	</select>
	
</mapper>