<?xml version="1.0" encoding="UTF-8"?>
<!DOCTYPE mapper
	PUBLIC "-//mybatis.org//DTD Mapper 3.0//EN"
  "https://mybatis.org/dtd/mybatis-3-mapper.dtd">
<mapper namespace="notice">
	<select id="getTotalCount" resultType="int">
		select count(*) from notice
		<if test="whatColumn == 'all'">
			where content like #{keyword} or subject like #{keyword}
		</if>
		<if test="whatColumn == 'content'">
			where content like #{keyword}
		</if>
		<if test="whatColumn == 'subject'">
			where subject like #{keyword}
		</if>
	</select>
	<select id="getNoticeList" resultType="notice.model.NoticeBean">
		select * from notice 
		<if test="whatColumn == 'all'">
			where content like #{keyword} or subject like #{keyword}
		</if>
		<if test="whatColumn == 'content'">
			where content like #{keyword}
		</if>
		<if test="whatColumn == 'subject'">
			where subject like #{keyword}
		</if>
		order by notice_no desc
	</select>
	<insert id="insertNotice">
		insert into notice(notice_no, subject, content) 
		values(notice_seq.nextval, #{subject}, #{content})
	</insert>
	<select id="getNoticeByNo" resultType="notice.model.NoticeBean">
		select * from notice where notice_no = #{notice_no}
	</select>
	<update id="updateReadcount">
		update notice set readcount = readcount+1 where notice_no = #{ notice_no }
	</update>
	
	<delete id="deleteNotice">
		delete notice where notice_no = #{ notice_no }	
	</delete>
	<update id="updateNotice">
		update notice set subject = #{ subject }, content = #{ content } where notice_no = #{ notice_no }
	</update>
</mapper>