<?xml version="1.0" encoding="UTF-8"?>
<!DOCTYPE mapper
	PUBLIC "-//mybatis.org//DTD Mapper 3.0//EN"
  "https://mybatis.org/dtd/mybatis-3-mapper.dtd">
<mapper namespace="qna">

	<select id="getTotalCount" resultType="int">
		select count(*) from qna
		<if test="whatColumn == 'all'">
			where content like #{keyword} or subject like #{keyword}
		</if>
		<if test="whatColumn == 'content'">
			where content like #{keyword}
		</if>
		<if test="whatColumn == 'subject'">
			where subject like #{keyword}
		</if>
	</select>
	
	<select id="getQnaList" resultType="qna.model.QnaBean">
		select * from qna 
		<if test="whatColumn == 'all'">
			where content like #{keyword} or subject like #{keyword}
		</if>
		<if test="whatColumn == 'content'">
			where content like #{keyword}
		</if>
		<if test="whatColumn == 'subject'">
			where subject like #{keyword}
		</if>
		order by ref desc, qna_no asc
	</select>
	
	<select id="getOrgTotalCount" resultType="int">
		select count(*) from qna where qna_no = ref
		<if test="whatColumn == 'all'">
			and (content like #{keyword} or subject like #{keyword})
		</if>
		<if test="whatColumn == 'content'">
			and content like #{keyword}
		</if>
		<if test="whatColumn == 'subject'">
			and subject like #{keyword}
		</if>
	</select>
	
	<select id="getOrgQnaList" resultType="qna.model.QnaBean">
		select * from qna where qna_no = ref
		<if test="whatColumn == 'all'">
			and (content like #{keyword} or subject like #{keyword})
		</if>
		<if test="whatColumn == 'content'">
			and content like #{keyword}
		</if>
		<if test="whatColumn == 'subject'">
			and subject like #{keyword}
		</if>
		order by ref desc
	</select>
	
	<insert id="insertQna">
		insert into qna(qna_no, user_id, user_no, subject, content, ref, regdate)
		values(qna_seq.nextval, #{user_id}, #{user_no}, #{subject}, #{content}, qna_seq.currval, sysdate)
	</insert>
	
	<select id="getQnaByNo" resultType="qna.model.QnaBean">
		select * from qna where qna_no = #{qna_no}
	</select>
	
	<select id="getReplyByOrgNo" resultType="qna.model.QnaBean">
		select * from qna where ref = #{qna_no} and ref != qna_no
	</select>
	
	<update id="updateReadcount">
		update qna set readcount = readcount+1 where qna_no = #{ qna_no }
	</update>
	
	<insert id="insertReply">
		insert into qna(qna_no, user_id ,user_no, subject, content, ref, regdate)
		values(qna_seq.nextval, #{user_id}, #{user_no}, #{subject}, #{content}, #{ref}, sysdate)
	</insert>
	
	<delete id="deleteQna">
		delete qna where qna_no = #{ qna_no }	
	</delete>
	
	<delete id="deleteReply">
		delete qna where ref = #{ ref }	
	</delete>
	
	<update id="updateQna">
		update qna set subject = #{ subject }, content = #{ content } where qna_no = #{ qna_no }
	</update>
	
	<update id="updateState">
		update qna set state = #{ state } where qna_no = #{ no }
	</update>
	
	<!-- woo 추가 : user_no에 따른 q&a list -->
	<select id="getQnaByUser_no" resultType="qna.model.QnaBean">
		select * from qna where user_no = #{user_no} order by regdate asc
	</select>
	
	<!-- woo 추가 : 답변상태 업데이트 -->
	<update id="updateQnaState">
		update qna set state = #{state} where qna_no = #{qna_no}
	</update>
	
</mapper>
