<?xml version="1.0" encoding="UTF-8"?>
<!DOCTYPE mapper
  PUBLIC "-//mybatis.org//DTD Mapper 3.0//EN"
  "https://mybatis.org/dtd/mybatis-3-mapper.dtd">

<mapper namespace="users.model.Users">

	<insert id="insertUsers">
		insert into users (user_no, id, pw, name, gender,
		email, profile, phoneNum,
		postcode, address)
		values (users_seq.nextval,
		#{id}, #{pw}, #{name}, #{gender}, #{email},
		#{profile,jdbcType=VARCHAR}, #{phoneNum}, #{postcode}, #{address})
	</insert>

	<select id="getUserList" resultType="users.model.UsersBean">
		select * from users
		<if test="whatColumn == 'all'">
			where name like #{keyword} or gender like #{keyword}
		</if>
		<if test="whatColumn == 'name'">
			where name like #{keyword}
		</if>
		<if test="whatColumn == 'gender'">
			where gender like #{keyword}
		</if>
		order by user_no
	</select>

	<select id="getTotalCount" resultType="int">
		select count(*) from member
		<if test="whatColumn == 'all'">
			where name like #{keyword} or gender like #{keyword}
		</if>
		<if test="whatColumn == 'name'">
			where name like #{keyword}
		</if>
		<if test="whatColumn == 'gender'">
			where gender like #{keyword}
		</if>
	</select>

	<select id="getById" resultType="users.model.UsersBean">
		select * from users where id
		=#{id}
	</select>

	<select id="findPw" resultType="users.model.UsersBean">
		select * from users where id=#{id} and name=#{name]
	</select>
	
	<select id="getByUserId" resultType="users.model.UsersBean">
	   select * from users where user_no
		=#{user_no}
	</select>
	
	<select id="findkakao" parameterType="java.util.HashMap" resultType="users.model.UsersBean">
	 select * from users where name=#{nickname} and email=#{email}
	
	</select>
	
	<insert id="kakaoinsert" parameterType="java.util.HashMap">
	 insert into users(user_no,id,name,email)
	 values(users_seq.nextval,#{email},#{nickname},#{email})
	
	</insert>
	
	<select id="searchId" resultType="int">
		select count(*) from users
		where id =#{inputname}
	</select>
	
	<!-- woo 추가 -->
	<update id="updateUsers">
		update users set id = #{id}, pw = #{pw, jdbcType=VARCHAR}, gender = #{gender, jdbcType=VARCHAR}, email = #{email, jdbcType=VARCHAR}, name=#{name, jdbcType=VARCHAR}, profile = #{profile, jdbcType=VARCHAR}, phoneNum = #{phoneNum, jdbcType=VARCHAR}, postcode = #{postcode, jdbcType=VARCHAR}, address = #{address, jdbcType=VARCHAR}
		where user_no = #{user_no}
	</update>
	
	<update id="updatePw">
		update users set pw = #{pw}
		where user_no = #{user_no}
	</update>
	
	<delete id="deleteUsers">
		delete from users where user_no = #{user_no}
	</delete>


</mapper>